audio_file_name,Submitted Audio Link,Question,Human Transcription,Notes,grader,score,total_possible_score,score_json,profile_id
grade1_profile28376_q3_LP_20251122_101304.mp3,https://drive.google.com/file/d/19edvKFbZF2QYSB8gHw3QsQvINy6T-sZu/view?usp=drivesdk,This is Zara. She loves to draw. This is Faiz. He loves to build things. ,This is Zara. She loves to draw. She this is a Faiz.  She he loves a draw to build things. ,Parent helping,salman,30.0,30,"{'This': 2.0, 'is': 2.0, 'Zara.': 2.0, 'She': 2.0, 'loves': 2.0, 'to': 2.0, 'draw.': 2.0, 'This.1': 2.0, 'is.1': 2.0, 'Faiz.': 2.0, 'He': 2.0, 'loves.1': 2.0, 'to.1': 2.0, 'build': 2.0, 'things.': 2.0}",28376
grade1_profile28425_q3_QK_20251122_101834.mp3,https://drive.google.com/file/d/1AbpPGcPHM03peprotKbNvx7SUnvsf_3C/view?usp=drivesdk,This is Zara. She loves to draw. This is Faiz. He loves to build things. ,This is Zara. She loves to draw. This is Faiz. He loves to build things. ,,salman,30.0,30,"{'This': 2.0, 'is': 2.0, 'Zara.': 2.0, 'She': 2.0, 'loves': 2.0, 'to': 2.0, 'draw.': 2.0, 'This.1': 2.0, 'is.1': 2.0, 'Faiz.': 2.0, 'He': 2.0, 'loves.1': 2.0, 'to.1': 2.0, 'build': 2.0, 'things.': 2.0}",28425
grade1_profile30626_q3_QK_20251122_101834.mp3,https://drive.google.com/file/d/1VqQLFOetNIqs5uCxYxxC-uQrQbWytCf9/view?usp=drivesdk,This is Zara. She loves to draw. This is Faiz. He loves to build things. ,This is Zara. She loves to draw. This is Faiz. He love to build things. ,,salman,27.0,30,"{'This': 2.0, 'is': 2.0, 'Zara.': 2.0, 'She': 2.0, 'loves': 1.0, 'to': 2.0, 'draw.': 2.0, 'This.1': 2.0, 'is.1': 2.0, 'Faiz.': 2.0, 'He': 2.0, 'loves.1': 1.0, 'to.1': 2.0, 'build': 1.0, 'things.': 2.0}",30626
grade1_profile28402_q3_QK_20251122_101834.mp3,https://drive.google.com/file/d/14gPJCHz5RX7kS6M0U5pL23T28VeRjJ_5/view?usp=drivesdk,This is Zara. She loves to draw. This is Faiz. He loves to build things. ,This is Zara. She loves to draw. This is Faizan. He love to building things. ,,salman,26.0,30,"{'This': 2.0, 'is': 2.0, 'Zara.': 2.0, 'She': 2.0, 'loves': 1.0, 'to': 2.0, 'draw.': 2.0, 'This.1': 2.0, 'is.1': 2.0, 'Faiz.': 1.0, 'He': 2.0, 'loves.1': 1.0, 'to.1': 2.0, 'build': 2.0, 'things.': 1.0}",28402
grade1_profile28450_q3_QK_20251122_101834.mp3,https://drive.google.com/file/d/1_oz00uApHYfDOpRmUKxY0dUw1bar_4mv/view?usp=drivesdk,This is Zara. She loves to draw. This is Faiz. He loves to build things. ,This is Zara. She loves to draw. This is Faiz. He loves to build things. ,Parent Speaking,salman,30.0,30,"{'This': 2.0, 'is': 2.0, 'Zara.': 2.0, 'She': 2.0, 'loves': 2.0, 'to': 2.0, 'draw.': 2.0, 'This.1': 2.0, 'is.1': 2.0, 'Faiz.': 2.0, 'He': 2.0, 'loves.1': 2.0, 'to.1': 2.0, 'build': 2.0, 'things.': 2.0}",28450
grade1_profile28475_q3_QK_20251122_101834.mp3,https://drive.google.com/file/d/1gUwM4792sxyD7Sv_wZ9ONiC0N2BhVCz5/view?usp=drivesdk,This is Zara. She loves to draw. This is Faiz. He loves to build things. ,This is Zara. She love to draw. This is Faiz. He love to build things. ,,salman,28.0,30,"{'This': 2.0, 'is': 2.0, 'Zara.': 2.0, 'She': 2.0, 'loves': 1.0, 'to': 2.0, 'draw.': 2.0, 'This.1': 2.0, 'is.1': 2.0, 'Faiz.': 2.0, 'He': 2.0, 'loves.1': 1.0, 'to.1': 2.0, 'build': 2.0, 'things.': 2.0}",28475
grade1_profile31206_q3_QK_20251122_101834.mp3,https://drive.google.com/file/d/1Y2XMAQguNYQxSv_eTTKCjATC5IYXp0RI/view?usp=drivesdk,This is Zara. She loves to draw. This is Faiz. He loves to build things. ,This is Zara. She loves to draw. This is Faiz. He loves to bulid things. ,Parent Speaking,salman,29.0,30,"{'This': 2.0, 'is': 2.0, 'Zara.': 2.0, 'She': 2.0, 'loves': 2.0, 'to': 2.0, 'draw.': 2.0, 'This.1': 2.0, 'is.1': 2.0, 'Faiz.': 2.0, 'He': 2.0, 'loves.1': 2.0, 'to.1': 2.0, 'build': 1.0, 'things.': 2.0}",31206
grade1_profile30581_q3_QK_20251122_101834.mp3,https://drive.google.com/file/d/1s36WOQEl2cNt1UIUexbcsGE1zI63RIiH/view?usp=drivesdk,This is Zara. She loves to draw. This is Faiz. He loves to build things. ,This is Zara. She loves to draw. This is Faiz. He loves to build things. ,,salman,30.0,30,"{'This': 2.0, 'is': 2.0, 'Zara.': 2.0, 'She': 2.0, 'loves': 2.0, 'to': 2.0, 'draw.': 2.0, 'This.1': 2.0, 'is.1': 2.0, 'Faiz.': 2.0, 'He': 2.0, 'loves.1': 2.0, 'to.1': 2.0, 'build': 2.0, 'things.': 2.0}",30581
grade1_profile30575_q3_LP_20251122_101304.mp3,https://drive.google.com/file/d/1VaImAMIUARS34hGNYiGVGclHazMmHZCU/view?usp=drivesdk,This is Zara. She loves to draw. This is Faiz. He loves to build things. ,This is Zara. She loves to draw. This is Faiz. He love to build things. ,,salman,29.0,30,"{'This': 2.0, 'is': 2.0, 'Zara.': 2.0, 'She': 2.0, 'loves': 2.0, 'to': 2.0, 'draw.': 2.0, 'This.1': 2.0, 'is.1': 2.0, 'Faiz.': 2.0, 'He': 2.0, 'loves.1': 1.0, 'to.1': 2.0, 'build': 2.0, 'things.': 2.0}",30575
grade1_profile31203_q3_QK_20251122_101834.mp3,https://drive.google.com/file/d/1f6Whu2WzTtlJwNGTTkulRjvIo1_aPJwA/view?usp=drivesdk,This is Zara. She loves to draw. This is Faiz. He loves to build things. ,This is Zara. She loves to draw. This is Faiz. He loves to building build things. ,,salman,30.0,30,"{'This': 2.0, 'is': 2.0, 'Zara.': 2.0, 'She': 2.0, 'loves': 2.0, 'to': 2.0, 'draw.': 2.0, 'This.1': 2.0, 'is.1': 2.0, 'Faiz.': 2.0, 'He': 2.0, 'loves.1': 2.0, 'to.1': 2.0, 'build': 2.0, 'things.': 2.0}",31203
grade1_profile30665_q3_LP_20251122_101304.mp3,https://drive.google.com/file/d/1KRmCUCGeLm95eLoYeb4JTx2wWMgx-OfH/view?usp=drivesdk,This is Zara. She loves to draw. This is Faiz. He loves to build things. ,This is Zara. She loves to draw. This is Faiz. He loves to build thing.,Sibling helping in reading,salman,23.0,30,"{'This': 2.0, 'is': 2.0, 'Zara.': 2.0, 'She': 2.0, 'loves': 0.0, 'to': 2.0, 'draw.': 2.0, 'This.1': 2.0, 'is.1': 2.0, 'Faiz.': 0.0, 'He': 2.0, 'loves.1': 0.0, 'to.1': 2.0, 'build': 2.0, 'things.': 1.0}",30665
grade1_profile28432_q3_QK_20251122_101834.mp3,https://drive.google.com/file/d/1_sSjJMh__RfRZwRHiv9zGi8tFPLyFUuV/view?usp=drivesdk,This is Zara. She loves to draw. This is Faiz. He loves to build things. ,This is Zara. She loves to draw. This is Faiz. He loves to build things. ,,salman,30.0,30,"{'This': 2.0, 'is': 2.0, 'Zara.': 2.0, 'She': 2.0, 'loves': 2.0, 'to': 2.0, 'draw.': 2.0, 'This.1': 2.0, 'is.1': 2.0, 'Faiz.': 2.0, 'He': 2.0, 'loves.1': 2.0, 'to.1': 2.0, 'build': 2.0, 'things.': 2.0}",28432
grade1_profile28417_q3_LP_20251122_101304.mp3,https://drive.google.com/file/d/1sSlUGns3gk2Dm8ogn5Eh39iZNmNqflE6/view?usp=drivesdk,This is Zara. She loves to draw. This is Faiz. He loves to build things. ,This is Zara. She love to draw. This is Faiz. He loves to build things. ,Parent helping,salman,29.0,30,"{'This': 2.0, 'is': 2.0, 'Zara.': 2.0, 'She': 2.0, 'loves': 1.0, 'to': 2.0, 'draw.': 2.0, 'This.1': 2.0, 'is.1': 2.0, 'Faiz.': 2.0, 'He': 2.0, 'loves.1': 2.0, 'to.1': 2.0, 'build': 2.0, 'things.': 2.0}",28417
grade1_profile28363_q3_LP_20251122_101304.mp3,https://drive.google.com/file/d/1wxhf_dJ79arYR6FA2xH2npWP2YlRxqnH/view?usp=drivesdk,This is Zara. She loves to draw. This is Faiz. He loves to build things. ,This is Zara. She loves to draw. This is Faiz. He loves to build things. ,,salman,30.0,30,"{'This': 2.0, 'is': 2.0, 'Zara.': 2.0, 'She': 2.0, 'loves': 2.0, 'to': 2.0, 'draw.': 2.0, 'This.1': 2.0, 'is.1': 2.0, 'Faiz.': 2.0, 'He': 2.0, 'loves.1': 2.0, 'to.1': 2.0, 'build': 2.0, 'things.': 2.0}",28363
grade1_profile30822_q3_QK_20251122_101834.mp3,https://drive.google.com/file/d/1yFOlVo8xj2h6vcgYvuW5Ylu9yCu6rxJ3/view?usp=drivesdk,This is Zara. She loves to draw. This is Faiz. He loves to build things. ,This is Zara. She loves to draw. This is Faiz. He loves to build things. ,Parent Speaking,salman,30.0,30,"{'This': 2.0, 'is': 2.0, 'Zara.': 2.0, 'She': 2.0, 'loves': 2.0, 'to': 2.0, 'draw.': 2.0, 'This.1': 2.0, 'is.1': 2.0, 'Faiz.': 2.0, 'He': 2.0, 'loves.1': 2.0, 'to.1': 2.0, 'build': 2.0, 'things.': 2.0}",30822
grade1_profile30684_q3_QK_20251122_101834.mp3,https://drive.google.com/file/d/1WLb1nGNiB_UfcQfI7hB1XeFv1eXL3cPG/view?usp=drivesdk,This is Zara. She loves to draw. This is Faiz. He loves to build things. ,This is Zara. She loves to draw. This is Faiz. He loves to build things. ,,salman,29.0,30,"{'This': 2.0, 'is': 2.0, 'Zara.': 2.0, 'She': 2.0, 'loves': 2.0, 'to': 2.0, 'draw.': 2.0, 'This.1': 2.0, 'is.1': 2.0, 'Faiz.': 2.0, 'He': 2.0, 'loves.1': 2.0, 'to.1': 2.0, 'build': 1.0, 'things.': 2.0}",30684
grade1_profile30941_q3_QK_20251122_101834.mp3,https://drive.google.com/file/d/1TG0ddADhRMAOd1DyVzMdGytUZn66fA2T/view?usp=drivesdk,This is Zara. She loves to draw. This is Faiz. He loves to build things. ,This is Zara. She love to a. This is . He love to bill thin. ,,salman,19.0,28,"{'This': 2.0, 'is': 2.0, 'Zara.': 2.0, 'She': 2.0, 'loves': 1.0, 'to': 2.0, 'draw.': 0.0, 'This.1': 2.0, 'is.1': 2.0, 'Faiz.': 0.0, 'He': 2.0, 'loves.1': 1.0, 'build': 0.0, 'things.': 1.0}",30941
grade1_profile28475_q3_LP_20251122_101304.mp3,https://drive.google.com/file/d/1TSEe00H_1lsX944TiMhNEjJPzG7wNhb9/view?usp=drivesdk,This is Zara. She loves to draw. This is Faiz. He loves to build things. ,This his is Zara. She loves to . This is Faiz. He loves to build things. ,Parent helping,salman,28.0,30,"{'This': 2.0, 'is': 2.0, 'Zara.': 2.0, 'She': 2.0, 'loves': 2.0, 'to': 2.0, 'draw.': 0.0, 'This.1': 2.0, 'is.1': 2.0, 'Faiz.': 2.0, 'He': 2.0, 'loves.1': 2.0, 'to.1': 2.0, 'build': 2.0, 'things.': 2.0}",28475
grade1_profile30569_q3_LP_20251122_101304.mp3,https://drive.google.com/file/d/1HgYdzhCrhzoZvoG2YHYasVK5fxu4QHtC/view?usp=drivesdk,This is Zara. She loves to draw. This is Faiz. He loves to build things. ,This is Zara. She loves to draw. This is Faiz. He loves to build things. ,,salman,29.0,30,"{'This': 2.0, 'is': 2.0, 'Zara.': 2.0, 'She': 2.0, 'loves': 2.0, 'to': 2.0, 'draw.': 2.0, 'This.1': 2.0, 'is.1': 2.0, 'Faiz.': 2.0, 'He': 2.0, 'loves.1': 1.0, 'to.1': 2.0, 'build': 2.0, 'things.': 2.0}",30569
grade1_profile28465_q3_QK_20251122_101834.mp3,https://drive.google.com/file/d/1Gp74ahB-QLYWTcHP3-T9uOAQdW9kECSn/view?usp=drivesdk,This is Zara. She loves to draw. It is Faiz. This is Faiz. He loves to build things. ,This is Zara. She loves to draw. This is Faiz. He loves to build things. ,,salman,29.0,30,"{'This': 2.0, 'is': 2.0, 'Zara.': 2.0, 'She': 2.0, 'loves': 2.0, 'to': 2.0, 'draw.': 2.0, 'This.1': 2.0, 'is.1': 2.0, 'Faiz.': 2.0, 'He': 2.0, 'loves.1': 1.0, 'to.1': 2.0, 'build': 2.0, 'things.': 2.0}",28465
grade1_profile28388_q3_QK_20251122_101834.mp3,https://drive.google.com/file/d/1X8X3XMKqfND-R50nOv1128m1Tc6TaYLx/view?usp=drivesdk,This is Zara. She loves to draw. This is Faiz. He loves to build things. ,This is Zara. She loves to draw. This is Faiz. He loves to build things. ,,salman,29.0,30,"{'This': 2.0, 'is': 2.0, 'Zara.': 2.0, 'She': 2.0, 'loves': 2.0, 'to': 2.0, 'draw.': 2.0, 'This.1': 2.0, 'is.1': 2.0, 'Faiz.': 1.0, 'He': 2.0, 'loves.1': 2.0, 'to.1': 2.0, 'build': 2.0, 'things.': 2.0}",28388
grade1_profile28344_q3_LP_20251122_101304.mp3,https://drive.google.com/file/d/1-ObMjfSah_6H-o48rMAatv994mI70auV/view?usp=drivesdk,This is Zara. She loves to draw. This is Faiz. He loves to build things. ,This is Zara. She loves to draw. This is Faiz. He loves to build things. ,,salman,30.0,30,"{'This': 2.0, 'is': 2.0, 'Zara.': 2.0, 'She': 2.0, 'loves': 2.0, 'to': 2.0, 'draw.': 2.0, 'This.1': 2.0, 'is.1': 2.0, 'Faiz.': 2.0, 'He': 2.0, 'loves.1': 2.0, 'to.1': 2.0, 'build': 2.0, 'things.': 2.0}",28344
grade1_profile31206_q3_LP_20251122_101304.mp3,https://drive.google.com/file/d/1LXVq5gv82jQipBMdWbaeay-BiQ0ro7aO/view?usp=drivesdk,This is Zara. She loves to draw. This is Faiz. He loves to build things. ,This is Zara. She loves to draw. This is Faiz. He loves to build things. ,,salman,26.0,30,"{'This': 2.0, 'is': 2.0, 'Zara.': 2.0, 'She': 2.0, 'loves': 1.0, 'to': 2.0, 'draw.': 1.0, 'This.1': 2.0, 'is.1': 2.0, 'Faiz.': 2.0, 'He': 2.0, 'loves.1': 1.0, 'to.1': 2.0, 'build': 2.0, 'things.': 1.0}",31206
grade1_profile30633_q3_LP_20251122_101304.mp3,https://drive.google.com/file/d/1FxIVY6UjtoAfpndADt5ez8a-PNyBsmKc/view?usp=drivesdk,This is Zara. She loves to draw. This is Faiz. He loves to build things. ,This is Zara. She loves to draw. This is building build things. ,Sibling helping in background,salman,19.0,30,"{'This': 2.0, 'is': 2.0, 'Zara.': 2.0, 'She': 2.0, 'loves': 2.0, 'to': 2.0, 'draw.': 2.0, 'This.1': 2.0, 'is.1': 0.0, 'Faiz.': 0.0, 'He': 0.0, 'loves.1': 0.0, 'to.1': 0.0, 'build': 2.0, 'things.': 1.0}",30633
grade1_profile30589_q3_QK_20251122_101834.mp3,https://drive.google.com/file/d/1XQEH3lMDqdJr9bVJcL_-n7jUJ2PeVSMz/view?usp=drivesdk,This is Zara. She loves to draw. This is Faiz. He loves to build things. ,This is Zara. She loves to draw. This is Faiz. He loves to build things. ,,salman,30.0,30,"{'This': 2.0, 'is': 2.0, 'Zara.': 2.0, 'She': 2.0, 'loves': 2.0, 'to': 2.0, 'draw.': 2.0, 'This.1': 2.0, 'is.1': 2.0, 'Faiz.': 2.0, 'He': 2.0, 'loves.1': 2.0, 'to.1': 2.0, 'build': 2.0, 'things.': 2.0}",30589
grade1_profile30840_q3_QK_20251122_101834.mp3,https://drive.google.com/file/d/1UfZcxI6iC1i2VOzqv0tH6Q4UMZIFeqJN/view?usp=drivesdk,This is Zara. She loves to draw. This is Faiz. He loves to build things. ,This is Zara. She love to draw. This is Faiz. He love to build things. ,,salman,28.0,30,"{'This': 2.0, 'is': 2.0, 'Zara.': 2.0, 'She': 2.0, 'loves': 1.0, 'to': 2.0, 'draw.': 2.0, 'This.1': 2.0, 'is.1': 2.0, 'Faiz.': 2.0, 'He': 2.0, 'loves.1': 1.0, 'to.1': 2.0, 'build': 2.0, 'things.': 2.0}",30840
grade1_profile28518_q3_LP_20251122_101304.mp3,https://drive.google.com/file/d/13D4a6V_JQbZ84Ly-itMr123ZEydaViTJ/view?usp=drivesdk,This is Zara. She loves to draw. This is Faiz. He loves to build things. ,This is Zara. She loves draw. This is Faiz. He loves to build things. ,,salman,28.0,30,"{'This': 2.0, 'is': 2.0, 'Zara.': 2.0, 'She': 2.0, 'loves': 2.0, 'to': 0.0, 'draw.': 2.0, 'This.1': 2.0, 'is.1': 2.0, 'Faiz.': 2.0, 'He': 2.0, 'loves.1': 2.0, 'to.1': 2.0, 'build': 2.0, 'things.': 2.0}",28518
grade1_profile28485_q3_LP_20251122_101304.mp3,https://drive.google.com/file/d/1NUgipYYINtkeiXFDPns-4K7dt3TTVnik/view?usp=drivesdk,This is Zara. She loves to draw. This is Faiz. He loves to build things. ,This is Zara. She loves to draw. This is Raza. He loves to buid things. ,,salman,28.0,30,"{'This': 2.0, 'is': 2.0, 'Zara.': 2.0, 'She': 2.0, 'loves': 2.0, 'to': 2.0, 'draw.': 2.0, 'This.1': 2.0, 'is.1': 2.0, 'Faiz.': 1.0, 'He': 2.0, 'loves.1': 2.0, 'to.1': 2.0, 'build': 1.0, 'things.': 2.0}",28485
grade1_profile28425_q3_LP_20251122_101304.mp3,https://drive.google.com/file/d/1NTE8UFNlLS3MtQks8SxVdcQpwUZ64ben/view?usp=drivesdk,This is Zara. She loves to draw. This is Faiz. He loves to build things. ,This is Zara. She loves to draw. This is Faiz. He loves to build things. ,,salman,30.0,30,"{'This': 2.0, 'is': 2.0, 'Zara.': 2.0, 'She': 2.0, 'loves': 2.0, 'to': 2.0, 'draw.': 2.0, 'This.1': 2.0, 'is.1': 2.0, 'Faiz.': 2.0, 'He': 2.0, 'loves.1': 2.0, 'to.1': 2.0, 'build': 2.0, 'things.': 2.0}",28425
grade1_profile30485_q3_LP_20251122_101304.mp3,https://drive.google.com/file/d/1ePRzkwWu_WKMikWV8N8zTJZ9L2Q3WGJX/view?usp=drivesdk,This is Zara. She loves to draw. This is Faiz. He loves to build things. ,This is Zara. She loves to draw. This is Faiz. He loves to build things. ,,salman,25.0,30,"{'This': 2.0, 'is': 2.0, 'Zara.': 2.0, 'She': 2.0, 'loves': 1.0, 'to': 2.0, 'draw.': 0.0, 'This.1': 2.0, 'is.1': 2.0, 'Faiz.': 0.0, 'He': 2.0, 'loves.1': 2.0, 'to.1': 2.0, 'build': 2.0, 'things.': 2.0}",30485
grade1_profile28509_q3_QK_20251122_101834.mp3,https://drive.google.com/file/d/1Rv-bd4JNNg9vXI_FNUhU87YzEOF2Q-a4/view?usp=drivesdk,This is Zara. She loves to draw. This is Faiz. He loves to build things. ,This is Zara. She loves to draw. This is Faiz. He loves to building things. ,Mix wording (Eng/Urdu),salman,24.0,30,"{'This': 2.0, 'is': 2.0, 'Zara.': 2.0, 'She': 2.0, 'loves': 1.0, 'to': 2.0, 'draw.': 0.0, 'This.1': 2.0, 'is.1': 2.0, 'Faiz.': 0.0, 'He': 2.0, 'loves.1': 1.0, 'to.1': 2.0, 'build': 2.0, 'things.': 2.0}",28509
grade1_profile28371_q3_LP_20251122_101304.mp3,https://drive.google.com/file/d/1-wuGWmyOdsa2pRQFK_Gr4M7n1DJ2kJ13/view?usp=drivesdk,This is Zara. She loves to draw. This is Faiz. He loves to build things. ,This is. She loves to.,,salman,10.0,30,"{'This': 2.0, 'is': 2.0, 'Zara.': 0.0, 'She': 2.0, 'loves': 2.0, 'to': 2.0, 'draw.': 0.0, 'This.1': 0.0, 'is.1': 0.0, 'Faiz.': 0.0, 'He': 0.0, 'loves.1': 0.0, 'to.1': 0.0, 'build': 0.0, 'things.': 0.0}",28371
grade1_profile28399_q3_QK_20251122_101834.mp3,https://drive.google.com/file/d/1sTMA00d3BmPhY_BjJpTY9WuxzdLdzRdb/view?usp=drivesdk,This is Zara. She loves to draw. This is Faiz. He loves to build things. ,Zara. She loves to draw. This is Faiz. He loves to build things. ,Parent speaking,ali,26.0,30,"{'This': 0.0, 'is': 0.0, 'Zara.': 2.0, 'She': 2.0, 'loves': 2.0, 'to': 2.0, 'draw.': 2.0, 'This.1': 2.0, 'is.1': 2.0, 'Faiz.': 2.0, 'He': 2.0, 'loves.1': 2.0, 'to.1': 2.0, 'build': 2.0, 'things.': 2.0}",28399
grade1_profile28443_q3_QK_20251122_101834.mp3,https://drive.google.com/file/d/1FFY3cKLerj1zOO4R3qNV9mxXNniSytTg/view?usp=drivesdk,This is Zara. She loves to draw. This is Faiz. He loves to build things. ,I am good,,ali,0.0,30,"{'This': 0.0, 'is': 0.0, 'Zara.': 0.0, 'She': 0.0, 'loves': 0.0, 'to': 0.0, 'draw.': 0.0, 'This.1': 0.0, 'is.1': 0.0, 'Faiz.': 0.0, 'He': 0.0, 'loves.1': 0.0, 'to.1': 0.0, 'build': 0.0, 'things.': 0.0}",28443
grade1_profile30476_q3_QK_20251122_101834.mp3,https://drive.google.com/file/d/1OQdQbtBnPMBBCtpsjQoLsDAdR0EtkE44/view?usp=drivesdk,This is Zara. She loves to draw. This is Faiz. He loves to build things. ,This is Zara. She loves to draw. This is Faiz. He loves to builds things.,,ali,29.0,30,"{'This': 2.0, 'is': 2.0, 'Zara.': 2.0, 'She': 2.0, 'loves': 2.0, 'to': 2.0, 'draw.': 2.0, 'This.1': 2.0, 'is.1': 2.0, 'Faiz.': 2.0, 'He': 2.0, 'loves.1': 2.0, 'to.1': 2.0, 'build': 1.0, 'things.': 2.0}",30476
grade1_profile28469_q3_LP_20251122_101304.mp3,https://drive.google.com/file/d/1MGB2c7_6mesIHyCApk4zKfm-l_yzkWai/view?usp=drivesdk,This is Zara. She loves to draw. This is Faiz. He loves to build things. ,This is Zara. He loves to draw. This is Faiz. He love to build thing.,,ali,26.0,30,"{'This': 2.0, 'is': 2.0, 'Zara.': 2.0, 'She': 0.0, 'loves': 2.0, 'to': 2.0, 'draw.': 2.0, 'This.1': 2.0, 'is.1': 2.0, 'Faiz.': 2.0, 'He': 2.0, 'loves.1': 1.0, 'to.1': 2.0, 'build': 2.0, 'things.': 1.0}",28469
grade1_profile30693_q3_LP_20251122_101304.mp3,https://drive.google.com/file/d/1n5BfLlXXkO7bBxKay-ktNv0IzQkJWGi6/view?usp=drivesdk,This is Zara. She loves to draw. This is Faiz. He loves to build things. ,,Three people speaking in one audio,ali,0.0,0,{},30693
grade1_profile28468_q3_QK_20251122_101834.mp3,https://drive.google.com/file/d/1zlJMc9zmLVbIQM3Q4LxB9ENYFgP4PTvc/view?usp=drivesdk,This is Zara. She loves to draw. This is Faiz. He loves to build things. ,is Zara. She loves to draw. This is Faiz. He loves to build things. ,Parent speaking,ali,28.0,30,"{'This': 0.0, 'is': 2.0, 'Zara.': 2.0, 'She': 2.0, 'loves': 2.0, 'to': 2.0, 'draw.': 2.0, 'This.1': 2.0, 'is.1': 2.0, 'Faiz.': 2.0, 'He': 2.0, 'loves.1': 2.0, 'to.1': 2.0, 'build': 2.0, 'things.': 2.0}",28468
grade1_profile28382_q3_QK_20251122_101834.mp3,https://drive.google.com/file/d/1pbb1AYxODIf3rVHt3hA-tp6El3mLOCaJ/view?usp=drivesdk,This is Zara. She loves to draw. This is Faiz. He loves to build things. ,This is Zara. She love to draw. This is Faiz. He loves to build things. ,,ali,29.0,30,"{'This': 2.0, 'is': 2.0, 'Zara.': 2.0, 'She': 2.0, 'loves': 1.0, 'to': 2.0, 'draw.': 2.0, 'This.1': 2.0, 'is.1': 2.0, 'Faiz.': 2.0, 'He': 2.0, 'loves.1': 2.0, 'to.1': 2.0, 'build': 2.0, 'things.': 2.0}",28382
grade1_profile28387_q3_LP_20251122_101304.mp3,https://drive.google.com/file/d/1fKUu6aCWL1PzJdRYbYZIp-ShDab47TXV/view?usp=drivesdk,This is Zara. She loves to draw. This is Faiz. He loves to build things. ,This is Zara. She loves to draw. This is Faiz. He loves to build things. ,Two people speaking in one audio,ali,28.0,30,"{'This': 2.0, 'is': 2.0, 'Zara.': 2.0, 'She': 2.0, 'loves': 2.0, 'to': 2.0, 'draw.': 1.0, 'This.1': 2.0, 'is.1': 2.0, 'Faiz.': 2.0, 'He': 2.0, 'loves.1': 2.0, 'to.1': 2.0, 'build': 1.0, 'things.': 2.0}",28387
grade1_profile28465_q3_LP_20251122_101304.mp3,https://drive.google.com/file/d/1fsjnPPw1YJaj0bNn-Ued8oQJtm_WkM9s/view?usp=drivesdk,This is Zara. She loves to draw. This is Faiz. He loves to build things. ,,,ali,0.0,0,{},28465
grade1_profile28364_q3_QK_20251122_101834.mp3,https://drive.google.com/file/d/1TYUnLJdFKPvRv9iUoTN99OAiWEbhL1mh/view?usp=drivesdk,This is Zara. She loves to draw. This is Faiz. He loves to build things. ,This is Zara. She loves to draw. This is Faiz. He loves to build things. ,,ali,30.0,30,"{'This': 2.0, 'is': 2.0, 'Zara.': 2.0, 'She': 2.0, 'loves': 2.0, 'to': 2.0, 'draw.': 2.0, 'This.1': 2.0, 'is.1': 2.0, 'Faiz.': 2.0, 'He': 2.0, 'loves.1': 2.0, 'to.1': 2.0, 'build': 2.0, 'things.': 2.0}",28364
grade1_profile28448_q3_QK_20251122_101834.mp3,https://drive.google.com/file/d/1xguEyclK_x33HYhZm1nxv-w-kJJUaE2B/view?usp=drivesdk,This is Zara. She loves to draw. This is Faiz. He loves to build things. ,This is Zara. He love to draw. This is Faiz. He love to build things. ,,ali,26.0,30,"{'This': 2.0, 'is': 2.0, 'Zara.': 2.0, 'She': 0.0, 'loves': 1.0, 'to': 2.0, 'draw.': 2.0, 'This.1': 2.0, 'is.1': 2.0, 'Faiz.': 2.0, 'He': 2.0, 'loves.1': 1.0, 'to.1': 2.0, 'build': 2.0, 'things.': 2.0}",28448
grade1_profile28438_q3_LP_20251122_101304.mp3,https://drive.google.com/file/d/1I41mt3yyG36Id0e0Pkl3s996G8GJdYNI/view?usp=drivesdk,This is Zara. She loves to draw. This is Faiz. He loves to build things. ,This is Zara. She loves to draw. This is Faiz. He loves to build things. ,,ali,30.0,30,"{'This': 2.0, 'is': 2.0, 'Zara.': 2.0, 'She': 2.0, 'loves': 2.0, 'to': 2.0, 'draw.': 2.0, 'This.1': 2.0, 'is.1': 2.0, 'Faiz.': 2.0, 'He': 2.0, 'loves.1': 2.0, 'to.1': 2.0, 'build': 2.0, 'things.': 2.0}",28438
grade1_profile28471_q3_LP_20251122_101304.mp3,https://drive.google.com/file/d/1kTUMAY77l2_5oCKHaKbEnT4vMv2CadHu/view?usp=drivesdk,This is Zara. She loves to draw. This is Faiz. He loves to build things. ,This is Zara. She loves to draw. This is Faiz. He loves to build thing. ,,ali,29.0,30,"{'This': 2.0, 'is': 2.0, 'Zara.': 2.0, 'She': 2.0, 'loves': 2.0, 'to': 2.0, 'draw.': 2.0, 'This.1': 2.0, 'is.1': 2.0, 'Faiz.': 2.0, 'He': 2.0, 'loves.1': 2.0, 'to.1': 2.0, 'build': 2.0, 'things.': 1.0}",28471
grade1_profile28493_q3_QK_20251122_101834.mp3,https://drive.google.com/file/d/1rPJjTM0dL0BDfJ6BDVd2bvx2PHvEURQh/view?usp=drivesdk,This is Zara. She loves to draw. This is Faiz. He loves to build things. ,This is Zara. She love to draw. This is Faiz. He love to build things. ,,ali,26.0,30,"{'This': 2.0, 'is': 2.0, 'Zara.': 2.0, 'She': 0.0, 'loves': 1.0, 'to': 2.0, 'draw.': 2.0, 'This.1': 2.0, 'is.1': 2.0, 'Faiz.': 2.0, 'He': 2.0, 'loves.1': 1.0, 'to.1': 2.0, 'build': 2.0, 'things.': 2.0}",28493
grade1_profile28448_q3_LP_20251122_101304.mp3,https://drive.google.com/file/d/1We5MeZi-R-Osl7ejlGUlxDZCGxVOeLKi/view?usp=drivesdk,This is Zara. She loves to draw. This is Faiz. He loves to build things. ,This is Zara. He loves to draw draw. This is Faiz. He loves to build things. ,,ali,28.0,30,"{'This': 2.0, 'is': 2.0, 'Zara.': 2.0, 'She': 0.0, 'loves': 2.0, 'to': 2.0, 'draw.': 2.0, 'This.1': 2.0, 'is.1': 2.0, 'Faiz.': 2.0, 'He': 2.0, 'loves.1': 2.0, 'to.1': 2.0, 'build': 2.0, 'things.': 2.0}",28448
grade1_profile31293_q3_QK_20251122_101834.mp3,https://drive.google.com/file/d/1x5ItNCKCyCx7EgDBof3eoovEXLArMtVK/view?usp=drivesdk,This is Zara. She loves to draw. This is Faiz. He loves to build things. ,This is Zara. She love to draw. This is Faiz. He love to builds things. ,,ali,25.0,30,"{'This': 2.0, 'is': 2.0, 'Zara.': 2.0, 'She': 0.0, 'loves': 1.0, 'to': 2.0, 'draw.': 2.0, 'This.1': 2.0, 'is.1': 2.0, 'Faiz.': 2.0, 'He': 2.0, 'loves.1': 1.0, 'to.1': 2.0, 'build': 1.0, 'things.': 2.0}",31293
grade1_profile28371_q3_QK_20251122_101834.mp3,https://drive.google.com/file/d/1iJPq0kYfh0--JzxCTOeSkM3S3sIqJMzZ/view?usp=drivesdk,This is Zara. She loves to draw. This is Faiz. He loves to build things. ,This is Zara. She loves to draw.,Parent helping in background.,ali,14.0,30,"{'This': 2.0, 'is': 2.0, 'Zara.': 2.0, 'She': 2.0, 'loves': 2.0, 'to': 2.0, 'draw.': 2.0, 'This.1': 0.0, 'is.1': 0.0, 'Faiz.': 0.0, 'He': 0.0, 'loves.1': 0.0, 'to.1': 0.0, 'build': 0.0, 'things.': 0.0}",28371
grade1_profile28398_q3_LP_20251122_101304.mp3,https://drive.google.com/file/d/1fCFIksOmsGEp-Uq0AaK1YcNC6v2R2zH_/view?usp=drivesdk,This is Zara. She loves to draw. This is Faiz. He loves to build things. ,"This, This is Sarah. She loves to draw",,ali,12.0,30,"{'This': 2.0, 'is': 2.0, 'Zara.': 0.0, 'She': 2.0, 'loves': 2.0, 'to': 2.0, 'draw.': 2.0, 'This.1': 0.0, 'is.1': 0.0, 'Faiz.': 0.0, 'He': 0.0, 'loves.1': 0.0, 'to.1': 0.0, 'build': 0.0, 'things.': 0.0}",28398
grade1_profile28446_q3_LP_20251122_101304.mp3,https://drive.google.com/file/d/1Tq-BnkEYBwhIHnxnR1mEW8cFiUfUM_LZ/view?usp=drivesdk,This is Zara. She loves to draw. This is Faiz. He loves to build things. ,This is Zara. She loves to draw. This is Faiz. He loves to build things. ,Parent helping in background.,ali,30.0,30,"{'This': 2.0, 'is': 2.0, 'Zara.': 2.0, 'She': 2.0, 'loves': 2.0, 'to': 2.0, 'draw.': 2.0, 'This.1': 2.0, 'is.1': 2.0, 'Faiz.': 2.0, 'He': 2.0, 'loves.1': 2.0, 'to.1': 2.0, 'build': 2.0, 'things.': 2.0}",28446
grade1_profile30472_q3_QK_20251122_101834.mp3,https://drive.google.com/file/d/1aTUlxo-iZuKZbbeDutw63XpMHlITLoUs/view?usp=drivesdk,This is Zara. She loves to draw. This is Faiz. He loves to build things. ,This is Zara. She loves to draw. This is Faiz. He loves to build things. ,Parent speaking,ali,30.0,30,"{'This': 2.0, 'is': 2.0, 'Zara.': 2.0, 'She': 2.0, 'loves': 2.0, 'to': 2.0, 'draw.': 2.0, 'This.1': 2.0, 'is.1': 2.0, 'Faiz.': 2.0, 'He': 2.0, 'loves.1': 2.0, 'to.1': 2.0, 'build': 2.0, 'things.': 2.0}",30472
grade1_profile28352_q3_QK_20251122_101834.mp3,https://drive.google.com/file/d/1ZD6Sxw0FvsjhKjbZXolgm14QlAnGIHOM/view?usp=drivesdk,This is Zara. She loves to draw. This is Faiz. He loves to build things. ,This is Zara. She loves to draw. This is Faiz. He loves to build this. ,,ali,28.0,30,"{'This': 2.0, 'is': 2.0, 'Zara.': 2.0, 'She': 2.0, 'loves': 2.0, 'to': 2.0, 'draw.': 2.0, 'This.1': 2.0, 'is.1': 2.0, 'Faiz.': 2.0, 'He': 2.0, 'loves.1': 2.0, 'to.1': 2.0, 'build': 2.0, 'things.': 0.0}",28352
grade1_profile31361_q3_QK_20251122_101834.mp3,https://drive.google.com/file/d/1XTGNSpgJnEft_zoQQyJdEYQGGcogLTGj/view?usp=drivesdk,This is Zara. She loves to draw. This is Faiz. He loves to build things. ,This is Zara. She loves to draw. This is Faiz. He loves to build things. ,,ali,30.0,30,"{'This': 2.0, 'is': 2.0, 'Zara.': 2.0, 'She': 2.0, 'loves': 2.0, 'to': 2.0, 'draw.': 2.0, 'This.1': 2.0, 'is.1': 2.0, 'Faiz.': 2.0, 'He': 2.0, 'loves.1': 2.0, 'to.1': 2.0, 'build': 2.0, 'things.': 2.0}",31361
grade1_profile28470_q3_LP_20251122_101304.mp3,https://drive.google.com/file/d/1FltIiu-5nUtbLO5eEOEhK8ojycZE6W5n/view?usp=drivesdk,This is Zara. She loves to draw. This is Faiz. He loves to build things. ,This is Zara. She love to draw. This is Faiz. He loves to some build thing. ,,ali,27.0,30,"{'This': 2.0, 'is': 2.0, 'Zara.': 2.0, 'She': 2.0, 'loves': 1.0, 'to': 2.0, 'draw.': 1.0, 'This.1': 2.0, 'is.1': 2.0, 'Faiz.': 2.0, 'He': 2.0, 'loves.1': 2.0, 'to.1': 2.0, 'build': 2.0, 'things.': 1.0}",28470
grade1_profile28465_q3_QK_20251122_101834.mp3,https://drive.google.com/file/d/1Gp74ahB-QLYWTcHP3-T9uOAQdW9kECSn/view?usp=drivesdk,This is Zara. She loves to draw. This is Faiz. He loves to build things. ,This is Zara. She loves to draw. It is Faiz. This is Faiz. He love to build things. ,,ali,29.0,30,"{'This': 2.0, 'is': 2.0, 'Zara.': 2.0, 'She': 2.0, 'loves': 2.0, 'to': 2.0, 'draw.': 2.0, 'This.1': 2.0, 'is.1': 2.0, 'Faiz.': 2.0, 'He': 2.0, 'loves.1': 1.0, 'to.1': 2.0, 'build': 2.0, 'things.': 2.0}",28465
grade1_profile28345_q3_LP_20251122_101304.mp3,https://drive.google.com/file/d/1p0H-VE6GYIV4T12lCj-OKSEUcS4W2Cuf/view?usp=drivesdk,This is Zara. She loves to draw. This is Faiz. He loves to build things. ,This is Zara. She loves to draw. This is Faiz. He loves to build things. ,Parent speaking,ali,30.0,30,"{'This': 2.0, 'is': 2.0, 'Zara.': 2.0, 'She': 2.0, 'loves': 2.0, 'to': 2.0, 'draw.': 2.0, 'This.1': 2.0, 'is.1': 2.0, 'Faiz.': 2.0, 'He': 2.0, 'loves.1': 2.0, 'to.1': 2.0, 'build': 2.0, 'things.': 2.0}",28345
grade1_profile28403_q3_LP_20251122_101304.mp3,https://drive.google.com/file/d/1bmUBqgRNPv4QGcKOCLGMNcok33_WB4BV/view?usp=drivesdk,This is Zara. She loves to draw. This is Faiz. He loves to build things. ,This is Zara. She loves to draw. This is Faiz. He loves to build things. ,,ali,29.0,30,"{'This': 2.0, 'is': 2.0, 'Zara.': 2.0, 'She': 2.0, 'loves': 2.0, 'to': 2.0, 'draw.': 2.0, 'This.1': 2.0, 'is.1': 2.0, 'Faiz.': 1.0, 'He': 2.0, 'loves.1': 2.0, 'to.1': 2.0, 'build': 2.0, 'things.': 2.0}",28403
grade1_profile28432_q3_LP_20251122_101304.mp3,https://drive.google.com/file/d/1vmaPZLBvV0X7lJkKhUTlhOil0bh_MheW/view?usp=drivesdk,This is Zara. She loves to draw. This is Faiz. He loves to build things. ,This is Zara. She loves to draw. This is Faiza Faiz. He loves to build things. ,Parent helping in background.,ali,29.0,30,"{'This': 2.0, 'is': 2.0, 'Zara.': 2.0, 'She': 2.0, 'loves': 2.0, 'to': 2.0, 'draw.': 2.0, 'This.1': 2.0, 'is.1': 2.0, 'Faiz.': 1.0, 'He': 2.0, 'loves.1': 2.0, 'to.1': 2.0, 'build': 2.0, 'things.': 2.0}",28432
grade1_profile28516_q3_LP_20251122_101304.mp3,https://drive.google.com/file/d/1j_JEynar6juDx5LlXqofeJBHkoBZOVY6/view?usp=drivesdk,This is Zara. She loves to draw. This is Faiz. He loves to build things. ,This is Zara. She loves to draw. This is Faiz. He love to build thing.,,ali,27.0,30,"{'This': 2.0, 'is': 2.0, 'Zara.': 2.0, 'She': 2.0, 'loves': 2.0, 'to': 2.0, 'draw.': 2.0, 'This.1': 2.0, 'is.1': 2.0, 'Faiz.': 2.0, 'He': 2.0, 'loves.1': 1.0, 'to.1': 2.0, 'build': 1.0, 'things.': 1.0}",28516
grade1_profile30596_q3_LP_20251122_101304.mp3,https://drive.google.com/file/d/1HdzgPO5QR8rGxVp02VNFDgvIsleUcL_e/view?usp=drivesdk,This is Zara. She loves to draw. This is Faiz. He loves to build things. ,This is Zara. She loves to draw. This is Faiz. He loves to build things. ,Parent helping in background.,ali,26.0,30,"{'This': 2.0, 'is': 2.0, 'Zara.': 2.0, 'She': 2.0, 'loves': 1.0, 'to': 2.0, 'draw.': 2.0, 'This.1': 1.0, 'is.1': 2.0, 'Faiz.': 2.0, 'He': 2.0, 'loves.1': 2.0, 'to.1': 2.0, 'build': 1.0, 'things.': 1.0}",30596
grade1_profile30490_q2_LP_20251122_100201.mp3,https://drive.google.com/file/d/1ABTRkeJT5r8DeoUOwK267qZER8x8gJ3P/view?usp=drivesdk,It's locked. I can open it. ,It's looked. I can open it.,,ali,11.0,12,"{""It's"": 2, 'locked.': 1, 'I': 2, 'can': 2, 'open': 2, 'it.': 2}",30490
grade1_profile28387_q2_LP_20251122_100201.mp3,https://drive.google.com/file/d/13zkvK5glvftB20BsZmdPmdQwBST0rmkJ/view?usp=drivesdk,It's locked. I can open it. ,It's locked. I can open it. ,,ali,12.0,12,"{""It's"": 2, 'locked.': 2, 'I': 2, 'can': 2, 'open': 2, 'it.': 2}",28387
grade1_profile30633_q2_QK_20251122_100724.mp3,https://drive.google.com/file/d/1EJ2PxMq-jUeDR9vfYH1qls8bJsiRK5C9/view?usp=drivesdk,It's locked. I can open it. ,It's lock. I can open it. ,,ali,10.0,12,"{""It's"": 2, 'locked.': 0, 'I': 2, 'can': 2, 'open': 2, 'it.': 2}",30633
grade1_profile30684_q2_QK_20251122_100724.mp3,https://drive.google.com/file/d/1UcV97LmfBZ8dFFvkJi43DQiIyvr4o6XC/view?usp=drivesdk,It's locked. I can open it. ,It's lock. I can open it. ,,ali,10.0,12,"{""It's"": 2, 'locked.': 0, 'I': 2, 'can': 2, 'open': 2, 'it.': 2}",30684
grade1_profile28417_q2_QK_20251122_100724.mp3,https://drive.google.com/file/d/1ahDtRbHfkMLeAzZ1C13m2RNWCFo-4Deg/view?usp=drivesdk,It's locked. I can open it. ,This locked. I can open it. ,,ali,10.0,12,"{""It's"": 0, 'locked.': 2, 'I': 2, 'can': 2, 'open': 2, 'it.': 2}",28417
grade1_profile28475_q2_QK_20251122_100724.mp3,https://drive.google.com/file/d/1Cno3GTj01Gs7aVBlZlI_yXr_qC7l72t6/view?usp=drivesdk,It's locked. I can open it. ,locked. I can opened it. ,,ali,8.0,12,"{""It's"": 0, 'locked.': 2, 'I': 2, 'can': 2, 'open': 0, 'it.': 2}",28475
grade1_profile28485_q2_QK_20251122_100724.mp3,https://drive.google.com/file/d/1qsKAq366_c1djc8vogu7Z22Oa36SiiOU/view?usp=drivesdk,It's locked. I can open it. ,It's lock. I can open it. ,,ali,10.0,12,"{""It's"": 2, 'locked.': 0, 'I': 2, 'can': 2, 'open': 2, 'it.': 2}",28485
grade1_profile31205_q2_LP_20251122_100201.mp3,https://drive.google.com/file/d/1eRnfUby87T8F23MavT46p_0hn4nTyoPF/view?usp=drivesdk,It's locked. I can open it. ,It's locked. I can open it. ,,ali,12.0,12,"{""It's"": 2, 'locked.': 2, 'I': 2, 'can': 2, 'open': 2, 'it.': 2}",31205
grade1_profile30476_q2_LP_20251122_100201.mp3,https://drive.google.com/file/d/156n8euERyGgn-VL4B4J6zfxHPkHYRs_I/view?usp=drivesdk,It's locked. I can open it. ,It's locked. I can open it. ,,ali,11.0,12,"{""It's"": 2, 'locked.': 1, 'I': 2, 'can': 2, 'open': 2, 'it.': 2}",30476
grade1_profile31203_q2_QK_20251122_100724.mp3,https://drive.google.com/file/d/1ZETZf7yiTU5oFdoBJgwMmiC7amV-q6Mi/view?usp=drivesdk,It's locked. I can open it. ,It's locked. I can open it. ,,ali,11.0,12,"{""It's"": 2, 'locked.': 1, 'I': 2, 'can': 2, 'open': 2, 'it.': 2}",31203
grade1_profile28516_q2_LP_20251122_100201.mp3,https://drive.google.com/file/d/1vlc---35_95u9xVKBqstBON5GlrteiY5/view?usp=drivesdk,It's locked. I can open it. ,It's lock. I can open it. ,,ali,10.0,12,"{""It's"": 2, 'locked.': 0, 'I': 2, 'can': 2, 'open': 2, 'it.': 2}",28516
grade1_profile30481_q2_LP_20251122_100201.mp3,https://drive.google.com/file/d/11WKcPyuO1nByWJrdGdRyFaySwV0WUVDd/view?usp=drivesdk,It's locked. I can open it. ,It's locked. I can open it. ,,ali,10.0,12,"{""It's"": 0, 'locked.': 2, 'I': 2, 'can': 2, 'open': 2, 'it.': 2}",30481
grade1_profile28451_q2_QK_20251122_100724.mp3,https://drive.google.com/file/d/18AY2xo_T_j9-GdGAbTBDTMAYK-pT13pJ/view?usp=drivesdk,It's locked. I can open it. ,It's locked. I can open it. ,,ali,12.0,12,"{""It's"": 2, 'locked.': 2, 'I': 2, 'can': 2, 'open': 2, 'it.': 2}",28451
grade1_profile28457_q2_LP_20251122_100201.mp3,https://drive.google.com/file/d/1FN-TEOL5AAgK6fDdhrrERjrZ1qOwVDSg/view?usp=drivesdk,It's locked. I can open it. ,It's lock. I can open it. ,,ali,10.0,12,"{""It's"": 2, 'locked.': 0, 'I': 2, 'can': 2, 'open': 2, 'it.': 2}",28457
grade1_profile28423_q2_QK_20251122_100724.mp3,https://drive.google.com/file/d/1NpovlMsS2GPLJRbDPFDKP3BIAig8qXxW/view?usp=drivesdk,It's locked. I can open it. ,It's locked. I can open it. ,,ali,12.0,12,"{""It's"": 2, 'locked.': 2, 'I': 2, 'can': 2, 'open': 2, 'it.': 2}",28423
grade1_profile28402_q2_QK_20251122_100724.mp3,https://drive.google.com/file/d/12VIwZXawugg7eaBo7KIVJm9UcK5hP_G1/view?usp=drivesdk,It's locked. I can open it. ,It's lock. I can open. ,,ali,8.0,12,"{""It's"": 2, 'locked.': 0, 'I': 2, 'can': 2, 'open': 2, 'it.': 0}",28402
grade1_profile28493_q2_QK_20251122_100724.mp3,https://drive.google.com/file/d/1EOcJZhPQ5qRMkFUejzH8X3C-RpRbxo1d/view?usp=drivesdk,It's locked. I can open it. ,It's locked. I can open it. ,,ali,12.0,12,"{""It's"": 2, 'locked.': 2, 'I': 2, 'can': 2, 'open': 2, 'it.': 2}",28493
grade1_profile28387_q2_QK_20251122_100724.mp3,https://drive.google.com/file/d/1kT4JOMzkwCbLx_2H3C8CGBH1NrWG1KiD/view?usp=drivesdk,It's locked. I can open it. ,It's locked. I can open it. ,Parent speaking,ali,12.0,12,"{""It's"": 2, 'locked.': 2, 'I': 2, 'can': 2, 'open': 2, 'it.': 2}",28387
grade1_profile30589_q2_LP_20251122_100201.mp3,https://drive.google.com/file/d/1QUJXiisG5X2L24fyFtMIQAL22b3LFHDG/view?usp=drivesdk,It's locked. I can open it. ,It's locked. I can open it. ,,ali,11.0,12,"{""It's"": 2, 'locked.': 1, 'I': 2, 'can': 2, 'open': 2, 'it.': 2}",30589
grade1_profile30823_q2_LP_20251122_100201.mp3,https://drive.google.com/file/d/11dh34OVzRr1UN6qK1f3KwzzNQWrLyaXE/view?usp=drivesdk,It's locked. I can open it. ,It's locked. I can open it. ,,ali,12.0,12,"{""It's"": 2, 'locked.': 2, 'I': 2, 'can': 2, 'open': 2, 'it.': 2}",30823
grade1_profile28391_q2_LP_20251122_100201.mp3,https://drive.google.com/file/d/15lSencTCJacMFd-FvZ28h0Pi3PBq9Fcz/view?usp=drivesdk,It's locked. I can open it. ,It's locked. I can open it. ,,ali,12.0,12,"{""It's"": 2, 'locked.': 2, 'I': 2, 'can': 2, 'open': 2, 'it.': 2}",28391
grade1_profile28363_q2_LP_20251122_100201.mp3,https://drive.google.com/file/d/1FTXmZ9RS3Am9Y_gJ9BjXQHPfW8Do5tm4/view?usp=drivesdk,It's locked. I can open it. ,It's lock. I can open it. ,,ali,9.0,12,"{""It's"": 1, 'locked.': 0, 'I': 2, 'can': 2, 'open': 2, 'it.': 2}",28363
grade1_profile28385_q2_QK_20251122_100724.mp3,https://drive.google.com/file/d/1onBYCBns-sOGCGxcNGpOx4qrGruSz3EN/view?usp=drivesdk,It's locked. I can open it. ,It's lock. I can open. ,,ali,8.0,12,"{""It's"": 2, 'locked.': 0, 'I': 2, 'can': 2, 'open': 2, 'it.': 0}",28385
grade1_profile28456_q2_QK_20251122_100724.mp3,https://drive.google.com/file/d/11xP60WvHJCIAGewyxLcBkEIwJJcl8c6C/view?usp=drivesdk,It's locked. I can open it. ,It's locked. I can open it. ,,ali,12.0,12,"{""It's"": 2, 'locked.': 2, 'I': 2, 'can': 2, 'open': 2, 'it.': 2}",28456
grade1_profile28421_q2_QK_20251122_100724.mp3,https://drive.google.com/file/d/1q7oV1WbdvLNZkq4B-72IwCSFWg8A8Hw7/view?usp=drivesdk,It's locked. I can open it. ,It's locked. I can open it. ,,ali,11.0,12,"{""It's"": 2, 'locked.': 1, 'I': 2, 'can': 2, 'open': 2, 'it.': 2}",28421
grade1_profile28429_q2_LP_20251122_100201.mp3,https://drive.google.com/file/d/1piG_S5Lgia4De0vUI96yN-oSwuhWQZY1/view?usp=drivesdk,It's locked. I can open it. ,It's locked. I can open it. ,,ali,12.0,12,"{""It's"": 2, 'locked.': 2, 'I': 2, 'can': 2, 'open': 2, 'it.': 2}",28429
grade1_profile28350_q2_QK_20251122_100724.mp3,https://drive.google.com/file/d/1KlOcYrDlORtcuMaYIpgtqjMXuVBhDRn-/view?usp=drivesdk,It's locked. I can open it. ,It's locked. I can open it. ,,ali,9.0,12,"{""It's"": 2, 'locked.': 0, 'I': 2, 'can': 2, 'open': 1, 'it.': 2}",28350
grade1_profile28448_q2_QK_20251122_100724.mp3,https://drive.google.com/file/d/1EAPV1ysIJr5xaijFnM6pbHnZDvUXVzyT/view?usp=drivesdk,It's locked. I can open it. ,It's locked. I can open it. ,,salman,12.0,12,"{""It's"": 2, 'locked.': 2, 'I': 2, 'can': 2, 'open': 2, 'it.': 2}",28448
grade1_profile30575_q2_QK_20251122_100724.mp3,https://drive.google.com/file/d/1OLWS05fxeOl2Vac8q9RslDtMhNpy36Er/view?usp=drivesdk,It's locked. I can open it. ,It's lock. I can open it. ,,salman,11.0,12,"{""It's"": 2, 'locked.': 1, 'I': 2, 'can': 2, 'open': 2, 'it.': 2}",30575
grade1_profile30496_q2_LP_20251122_100201.mp3,https://drive.google.com/file/d/1N-WLjE8RwfSjmqX3HKSdB6poZh3TauMv/view?usp=drivesdk,It's locked. I can open it. ,It's locked. I can open it. ,,salman,12.0,12,"{""It's"": 2, 'locked.': 2, 'I': 2, 'can': 2, 'open': 2, 'it.': 2}",30496
grade1_profile28498_q2_LP_20251122_100201.mp3,https://drive.google.com/file/d/1jywOhl4B-QSaIXfY6rpvVRJLXZZ0swr8/view?usp=drivesdk,It's locked. I can open it. ,It's looked. I can,,salman,6.0,12,"{""It's"": 2, 'locked.': 0, 'I': 2, 'can': 2, 'open': 0, 'it.': 0}",28498
grade1_profile31207_q2_LP_20251122_100201.mp3,https://drive.google.com/file/d/1Vw54qxp2XPhb-kFOVr6bYowyiEVtToaR/view?usp=drivesdk,It's locked. I can open it. ,It's locked. I can open it. ,,salman,12.0,12,"{""It's"": 2, 'locked.': 2, 'I': 2, 'can': 2, 'open': 2, 'it.': 2}",31207
grade1_profile28514_q2_QK_20251122_100724.mp3,https://drive.google.com/file/d/1PeQUzbzxS-GZ35ClselmGK-9QfDbmlTw/view?usp=drivesdk,It's locked. I can open it. ,It's locked. I can open it. ,,salman,12.0,12,"{""It's"": 2, 'locked.': 2, 'I': 2, 'can': 2, 'open': 2, 'it.': 2}",28514
grade1_profile31361_q2_QK_20251122_100724.mp3,https://drive.google.com/file/d/1xg0raxwFeKWFz3kUME8YOkN8TCJiL9vo/view?usp=drivesdk,It's locked. I can open it. ,It's locked. I can open it. ,,salman,12.0,12,"{""It's"": 2, 'locked.': 2, 'I': 2, 'can': 2, 'open': 2, 'it.': 2}",31361
grade1_profile28376_q2_LP_20251122_100201.mp3,https://drive.google.com/file/d/1XPoOMcxYhQyqSzfqPPvhf7xvdOGeni9Y/view?usp=drivesdk,It's locked. I can open it. ,It's lock. I an open it. ,,salman,10.0,12,"{""It's"": 2, 'locked.': 1, 'I': 2, 'can': 1, 'open': 2, 'it.': 2}",28376
grade1_profile30665_q2_LP_20251122_100201.mp3,https://drive.google.com/file/d/1a50Xf-YGzQa6SRCLpGYyyNcEr0VKPmv9/view?usp=drivesdk,It's locked. I can open it. ,It's lock. I can open it. ,Parent helping in background,salman,11.0,12,"{""It's"": 2, 'locked.': 1, 'I': 2, 'can': 2, 'open': 2, 'it.': 2}",30665
grade1_profile28451_q2_LP_20251122_100201.mp3,https://drive.google.com/file/d/1lj3fpef_m-aUhbxDXi0mNLxWpjIJ9Jmo/view?usp=drivesdk,It's locked. I can open it. ,It is lock. I can open it. ,,salman,11.0,12,"{""It's"": 2, 'locked.': 1, 'I': 2, 'can': 2, 'open': 2, 'it.': 2}",28451
grade1_profile28381_q2_LP_20251122_100201.mp3,https://drive.google.com/file/d/1UGIkoADDWp9ZEfi9HHBa6-JDm8VkUseu/view?usp=drivesdk,It's locked. I can open it. ,It's locked. I can open it. ,,salman,12.0,12,"{""It's"": 2, 'locked.': 2, 'I': 2, 'can': 2, 'open': 2, 'it.': 2}",28381
grade1_profile30482_q2_QK_20251122_100724.mp3,https://drive.google.com/file/d/19e6N8XP7yqS6SS1zHrte76Fr1kdYkFQ4/view?usp=drivesdk,It's locked. I can open it. ,It's look. I can open it. ,,salman,11.0,12,"{""It's"": 2, 'locked.': 1, 'I': 2, 'can': 2, 'open': 2, 'it.': 2}",30482
grade1_profile28448_q2_LP_20251122_100201.mp3,https://drive.google.com/file/d/1TrhyTW_Zl8PEB8BK5ZWaLiK6YcGKal1N/view?usp=drivesdk,It's locked. I can open it. ,It's lock. I can open it. ,,salman,11.0,12,"{""It's"": 2, 'locked.': 1, 'I': 2, 'can': 2, 'open': 2, 'it.': 2}",28448
grade1_profile31284_q2_QK_20251122_100724.mp3,https://drive.google.com/file/d/1TNjWFFK0sRktQMZTpV3nDgWyiUpcytdr/view?usp=drivesdk,It's locked. I can open it. ,It's locked. I can open it. ,,salman,12.0,12,"{""It's"": 2, 'locked.': 2, 'I': 2, 'can': 2, 'open': 2, 'it.': 2}",31284
grade1_profile28355_q2_LP_20251122_100201.mp3,https://drive.google.com/file/d/1Z3WBCAxCONhNBQNX-vHEqQnWp9kcln3j/view?usp=drivesdk,It's locked. I can open it. ,It's locked. I can open it. ,,salman,12.0,12,"{""It's"": 2, 'locked.': 2, 'I': 2, 'can': 2, 'open': 2, 'it.': 2}",28355
grade1_profile30941_q2_LP_20251122_100201.mp3,https://drive.google.com/file/d/1DgpYdI-KRT8rd5LUwxdcerzIF9_6bUGm/view?usp=drivesdk,It's locked. I can open it. ,It's lock. I open it. ,,salman,9.0,12,"{""It's"": 2, 'locked.': 1, 'I': 2, 'can': 0, 'open': 2, 'it.': 2}",30941
grade1_profile31284_q2_LP_20251122_100201.mp3,https://drive.google.com/file/d/19DqLJFNDoSPTOLrBg8wLf2z6YAk7qxog/view?usp=drivesdk,It's locked. I can open it. ,It's locked. I can open it. ,,salman,12.0,12,"{""It's"": 2, 'locked.': 2, 'I': 2, 'can': 2, 'open': 2, 'it.': 2}",31284
grade1_profile30630_q2_QK_20251122_100724.mp3,https://drive.google.com/file/d/1dpCwPCU6DIrGDJi_O5zaUZJei6_flcGy/view?usp=drivesdk,It's locked. I can open it. ,It's locked. I can open it. ,,salman,12.0,12,"{""It's"": 2, 'locked.': 2, 'I': 2, 'can': 2, 'open': 2, 'it.': 2}",30630
grade1_profile28359_q2_LP_20251122_100201.mp3,https://drive.google.com/file/d/1GLY04_qAo9OnXLWhmb2KfbdNWpPMAPYu/view?usp=drivesdk,It's locked. I can open it. ,It's lock locked. I can open it. ,,salman,12.0,12,"{""It's"": 2, 'locked.': 2, 'I': 2, 'can': 2, 'open': 2, 'it.': 2}",28359
grade1_profile31206_q2_LP_20251122_100201.mp3,https://drive.google.com/file/d/14X8AK0kDgYIkGHh0pLiAdGQTF0uwOw4w/view?usp=drivesdk,It's locked. I can open it. ,It's locked. I can open it. ,,salman,12.0,12,"{""It's"": 2, 'locked.': 2, 'I': 2, 'can': 2, 'open': 2, 'it.': 2}",31206
grade1_profile28363_q2_QK_20251122_100724.mp3,https://drive.google.com/file/d/13122YQVnHH9nphlsvOOG-0BXTAIcIN8b/view?usp=drivesdk,It's locked. I can open it. ,It is locked. I can open it. ,,salman,12.0,12,"{""It's"": 2, 'locked.': 2, 'I': 2, 'can': 2, 'open': 2, 'it.': 2}",28363
grade1_profile28403_q2_QK_20251122_100724.mp3,https://drive.google.com/file/d/1cRK5uPcEUQeH7QHmQtheOxBfLzVdUr6W/view?usp=drivesdk,It's locked. I can open it. ,It's locked. I can open it. ,,salman,12.0,12,"{""It's"": 2, 'locked.': 2, 'I': 2, 'can': 2, 'open': 2, 'it.': 2}",28403
grade1_profile28457_q2_LP_20251122_100201.mp3,https://drive.google.com/file/d/1FN-TEOL5AAgK6fDdhrrERjrZ1qOwVDSg/view?usp=drivesdk,It's locked. I can open it. ,It's locked. I can open it. ,,salman,12.0,12,"{""It's"": 2, 'locked.': 2, 'I': 2, 'can': 2, 'open': 2, 'it.': 2}",28457
grade1_profile30467_q2_LP_20251122_100201.mp3,https://drive.google.com/file/d/1bigm6845iZY6iGBBsxyK7NyOPQoNnsbA/view?usp=drivesdk,It's locked. I can open it. ,It's locked. I can open it. ,,salman,12.0,12,"{""It's"": 2, 'locked.': 2, 'I': 2, 'can': 2, 'open': 2, 'it.': 2}",30467
grade1_profile30482_q2_LP_20251122_100201.mp3,https://drive.google.com/file/d/1gvrL058RUiu13T9smsyocuG0uwy2TN1T/view?usp=drivesdk,It's locked. I can open it. ,It's lock. I can open it. ,,salman,11.0,12,"{""It's"": 2, 'locked.': 1, 'I': 2, 'can': 2, 'open': 2, 'it.': 2}",30482
grade1_profile28391_q2_QK_20251122_100724.mp3,https://drive.google.com/file/d/1vuu3OIBGEpthIyj8QkJMWWdFOAh-JLwW/view?usp=drivesdk,It's locked. I can open it. ,I can open it,,salman,8.0,12,"{""It's"": 0, 'locked.': 0, 'I': 2, 'can': 2, 'open': 2, 'it.': 2}",28391
grade1_profile28350_q2_LP_20251122_100201.mp3,https://drive.google.com/file/d/1AIgyzLGlCTQoYELcNb5HogelSx5rxIto/view?usp=drivesdk,It's locked. I can open it. ,is locked. I can open it. ,,salman,11.0,12,"{""It's"": 1, 'locked.': 2, 'I': 2, 'can': 2, 'open': 2, 'it.': 2}",28350
grade1_profile28392_q1_QK_20251122_095622.mp3,https://drive.google.com/file/d/1FO4NsnuWGlBu88SpgZRd2kQgzcEoWSlF/view?usp=drivesdk,Come on. We can do it  together.,Come on. We can do it together.,Parent speaking,ali,13.0,14,"{'Come': 2.0, 'on.': 2.0, 'We': 2.0, 'can': 1.0, 'do': 2.0, 'it': 2.0, 'together.': 2.0}",28392
grade1_profile28512_q1_QK_20251122_095622.mp3,https://drive.google.com/file/d/1oIVafMwiOS4qYJ7UnZSewmEE7RjZSlgc/view?usp=drivesdk,Come on. We can do it  together.,Come on. We can do it together.,Parent speaking,ali,14.0,14,"{'Come': 2.0, 'on.': 2.0, 'We': 2.0, 'can': 2.0, 'do': 2.0, 'it': 2.0, 'together.': 2.0}",28512
grade1_profile30490_q1_QK_20251122_095622.mp3,https://drive.google.com/file/d/1FjNAOdqExSx2XwbH16Ah6nUBMazq_raO/view?usp=drivesdk,Come on. We can do it  together.,Come on. We can do it together.,,ali,14.0,14,"{'Come': 2.0, 'on.': 2.0, 'We': 2.0, 'can': 2.0, 'do': 2.0, 'it': 2.0, 'together.': 2.0}",30490
grade1_profile28516_q1_QK_20251122_095622.mp3,https://drive.google.com/file/d/1gICTrjlzr8QEjp0nFDvedCkvu5mD7zh3/view?usp=drivesdk,Come on. We can do it  together.,Come only can do it together.,,ali,10.0,14,"{'Come': 2.0, 'on.': 0.0, 'We': 0.0, 'can': 2.0, 'do': 2.0, 'it': 2.0, 'together.': 2.0}",28516
grade1_profile28399_q1_QK_20251122_095622.mp3,https://drive.google.com/file/d/19IIai2ik-zWasAflauCZb9oteGjEDaQN/view?usp=drivesdk,Come on. We can do it  together.,Come on. We can do it together.,Parent/Sibling speaking,ali,14.0,14,"{'Come': 2.0, 'on.': 2.0, 'We': 2.0, 'can': 2.0, 'do': 2.0, 'it': 2.0, 'together.': 2.0}",28399
grade1_profile28417_q1_QK_20251122_095622.mp3,https://drive.google.com/file/d/1T02mzDIDD5vp7c6G79lTgx7ZofsNNRAb/view?usp=drivesdk,Come on. We can do it  together.,Come on. We can do it it the gather.,Parent helping in background,ali,12.0,14,"{'Come': 2.0, 'on.': 2.0, 'We': 2.0, 'can': 2.0, 'do': 2.0, 'it': 2.0, 'together.': 0.0}",28417
grade1_profile28402_q1_QK_20251122_095622.mp3,https://drive.google.com/file/d/1y-GZQTfXZYciE_C6XDDE1uPUqgsiLgb6/view?usp=drivesdk,Come on. We can do it  together.,Come on. We can do it to,,ali,12.0,14,"{'Come': 2.0, 'on.': 2.0, 'We': 2.0, 'can': 2.0, 'do': 2.0, 'it': 2.0, 'together.': 0.0}",28402
grade1_profile28457_q1_LP_20251122_095026.mp3,https://drive.google.com/file/d/1KUoVTYLcp7M4ojcCn1QZ0HcZY7ozLZi0/view?usp=drivesdk,Come on. We can do it  together.,Come on. We can do it together.,,ali,14.0,14,"{'Come': 2.0, 'on.': 2.0, 'We': 2.0, 'can': 2.0, 'do': 2.0, 'it': 2.0, 'together.': 2.0}",28457
grade1_profile31204_q1_QK_20251122_095622.mp3,https://drive.google.com/file/d/1n8T9CS8_Mv2tLs2_nmXl31PqVXgxOBsv/view?usp=drivesdk,Come on. We can do it  together.,Come on. We can do it together.,"Parent assisting child by saying ""chalo"" to start speaking",ali,12.0,14,"{'Come': 2.0, 'on.': 2.0, 'We': 2.0, 'can': 1.0, 'do': 2.0, 'it': 2.0, 'together.': 1.0}",31204
grade1_profile28428_q1_QK_20251122_095622.mp3,https://drive.google.com/file/d/1WqRKKOOHbBIXcgJ_R3ZOtH-wWabeYGGP/view?usp=drivesdk,Come on. We can do it  together.,Come on. We can do it together.,,ali,14.0,14,"{'Come': 2.0, 'on.': 2.0, 'We': 2.0, 'can': 2.0, 'do': 2.0, 'it': 2.0, 'together.': 2.0}",28428
grade1_profile31203_q1_LP_20251122_095026.mp3,https://drive.google.com/file/d/1gNIIRCu66cFoUycmnYbuXQfjAYlPGC8v/view?usp=drivesdk,Come on. We can do it  together.,Come on. We can do it together.,,ali,13.0,14,"{'Come': 2.0, 'on.': 1.0, 'We': 2.0, 'can': 2.0, 'do': 2.0, 'it': 2.0, 'together.': 2.0}",31203
grade1_profile28509_q1_LP_20251122_095026.mp3,https://drive.google.com/file/d/1Dz5ard096OgvY8kmX8KGYzf4ytkl3KCf/view?usp=drivesdk,Come on. We can do it  together.,Come on. We can do it to gather.,,ali,12.0,14,"{'Come': 1.0, 'on.': 2.0, 'We': 2.0, 'can': 2.0, 'do': 2.0, 'it': 2.0, 'together.': 1.0}",28509
grade1_profile28473_q1_QK_20251122_095622.mp3,https://drive.google.com/file/d/1kr28nb-sTADYr0TRJHas1rNnLDQEstws/view?usp=drivesdk,Come on. We can do it  together.,Come on on. We can do it together.,,ali,14.0,14,"{'Come': 2.0, 'on.': 2.0, 'We': 2.0, 'can': 2.0, 'do': 2.0, 'it': 2.0, 'together.': 2.0}",28473
grade1_profile31207_q1_QK_20251122_095622.mp3,https://drive.google.com/file/d/1lHO3Tc8Vijh4FWeqFYaaSokb7gSKVt1E/view?usp=drivesdk,Come on. We can do it  together.,Come on. We can do it to,,ali,12.0,14,"{'Come': 2.0, 'on.': 2.0, 'We': 2.0, 'can': 2.0, 'do': 2.0, 'it': 2.0, 'together.': 0.0}",31207
grade1_profile28344_q1_LP_20251122_095026.mp3,https://drive.google.com/file/d/1YKfDBUpbHKgZY6LK28r8VkrY0F_YmoFt/view?usp=drivesdk,Come on. We can do it  together.,Come on. We can do it together.,,ali,14.0,14,"{'Come': 2.0, 'on.': 2.0, 'We': 2.0, 'can': 2.0, 'do': 2.0, 'it': 2.0, 'together.': 2.0}",28344
grade1_profile28352_q1_LP_20251122_095026.mp3,https://drive.google.com/file/d/1JrmIohQ5y-dbBcsvcsh_qYBtKtVv7Klp/view?usp=drivesdk,Come on. We can do it  together.,Come on. We can do it together.,,ali,13.0,14,"{'Come': 2.0, 'on.': 2.0, 'We': 2.0, 'can': 2.0, 'do': 2.0, 'it': 2.0, 'together.': 1.0}",28352
grade1_profile28450_q1_QK_20251122_095622.mp3,https://drive.google.com/file/d/1brY9FsGH857YBgXuV481eV8GEvztaWlM/view?usp=drivesdk,Come on. We can do it  together.,Come on. We can do it together.,Parent speaking,ali,14.0,14,"{'Come': 2.0, 'on.': 2.0, 'We': 2.0, 'can': 2.0, 'do': 2.0, 'it': 2.0, 'together.': 2.0}",28450
grade1_profile30586_q1_QK_20251122_095622.mp3,https://drive.google.com/file/d/1oklEnb6Bz1HU2UflEANBcj5Hh5ureqZE/view?usp=drivesdk,Come on. We can do it  together.,,Mother and child both speaking word by word.,ali,0.0,0,{},30586
grade1_profile28509_q1_QK_20251122_095622.mp3,https://drive.google.com/file/d/1xzlYojZspq99r9AvTOBPPpdjELO5r_3w/view?usp=drivesdk,Come on. We can do it  together.,Come on. We can do it together.,,ali,12.0,14,"{'Come': 2.0, 'on.': 2.0, 'We': 2.0, 'can': 1.0, 'do': 2.0, 'it': 2.0, 'together.': 1.0}",28509
grade1_profile28359_q1_QK_20251122_095622.mp3,https://drive.google.com/file/d/1QFyVCwzoY7mY-I5ovPgrAmQbh8NCL2P-/view?usp=drivesdk,Come on. We can do it  together.,Can on we can,,ali,5.0,14,"{'Come': 0.0, 'on.': 2.0, 'We': 2.0, 'can': 1.0, 'do': 0.0, 'it': 0.0, 'together.': 0.0}",28359
grade1_profile30481_q1_LP_20251122_095026.mp3,https://drive.google.com/file/d/1osMa5CZv33M8jRM7fo_5iSr732CZivon/view?usp=drivesdk,Come on. We can do it  together.,Come on Win can do it together.,Mother and child both speaking word by word.,ali,12.0,14,"{'Come': 2.0, 'on.': 2.0, 'We': 0.0, 'can': 2.0, 'do': 2.0, 'it': 2.0, 'together.': 2.0}",30481
grade1_profile28362_q1_QK_20251122_095622.mp3,https://drive.google.com/file/d/1zZpYhMLsTyRuTo1AxLzrLb7XaOGNlqNv/view?usp=drivesdk,Come on. We can do it  together.,Come on. We can do it together.,,ali,14.0,14,"{'Come': 2.0, 'on.': 2.0, 'We': 2.0, 'can': 2.0, 'do': 2.0, 'it': 2.0, 'together.': 2.0}",28362
grade1_profile30575_q1_LP_20251122_095026.mp3,https://drive.google.com/file/d/1tlDUxwnRuXZkGw12IE818pgVRFtazmSx/view?usp=drivesdk,Come on. We can do it  together.,We can do it together.,,ali,9.0,14,"{'Come': 0.0, 'on.': 0.0, 'We': 2.0, 'can': 2.0, 'do': 2.0, 'it': 2.0, 'together.': 1.0}",30575
grade1_profile28451_q1_LP_20251122_095026.mp3,https://drive.google.com/file/d/1yFV9CoFQN3lU-90pmcLa2XUTWzHUSMzy/view?usp=drivesdk,Come on. We can do it  together.,Come on. We can do it together.,,ali,14.0,14,"{'Come': 2.0, 'on.': 2.0, 'We': 2.0, 'can': 2.0, 'do': 2.0, 'it': 2.0, 'together.': 2.0}",28451
grade1_profile28371_q1_LP_20251122_095026.mp3,https://drive.google.com/file/d/1Okj7OpDwvehfmH6qsyTQDjllIrrZ9LXg/view?usp=drivesdk,Come on. We can do it  together.,Come on Come on on come on on we can do it gather,Father giving instructions in background to see the image as child is struggling to remember the sentance,ali,13.0,14,"{'Come': 2.0, 'on.': 2.0, 'We': 2.0, 'can': 2.0, 'do': 2.0, 'it': 2.0, 'together.': 1.0}",28371
grade1_profile30589_q1_LP_20251122_095026.mp3,https://drive.google.com/file/d/1gmGpKWKdZqaib891NBMEkgoVhBsDmneR/view?usp=drivesdk,Come on. We can do it  together.,Come on. We can do it together.,,ali,14.0,14,"{'Come': 2.0, 'on.': 2.0, 'We': 2.0, 'can': 2.0, 'do': 2.0, 'it': 2.0, 'together.': 2.0}",30589
grade1_profile28509_q1_QK_20251122_095622.mp3,https://drive.google.com/file/d/1xzlYojZspq99r9AvTOBPPpdjELO5r_3w/view?usp=drivesdk,Come on. We can do it  together.,Come on. we can do it together.,,salman,14.0,14,"{'Come': 2.0, 'on.': 2.0, 'We': 2.0, 'can': 2.0, 'do': 2.0, 'it': 2.0, 'together.': 2.0}",28509
grade1_profile28518_q1_LP_20251122_095026.mp3,https://drive.google.com/file/d/1TXuETW2EIQJ_aSrMiAmBUEoZOJ_UQKcj/view?usp=drivesdk,Come on. We can do it  together.,Come on. we can do it together.,,salman,14.0,14,"{'Come': 2.0, 'on.': 2.0, 'We': 2.0, 'can': 2.0, 'do': 2.0, 'it': 2.0, 'together.': 2.0}",28518
grade1_profile28375_q1_QK_20251122_095622.mp3,https://drive.google.com/file/d/1ThkD0ZFa96gv1OKqBOIxV7WMpBryAKJ_/view?usp=drivesdk,Come on. We can do it  together.,Come on. we can do it together.,,salman,14.0,14,"{'Come': 2.0, 'on.': 2.0, 'We': 2.0, 'can': 2.0, 'do': 2.0, 'it': 2.0, 'together.': 2.0}",28375
grade1_profile28444_q1_LP_20251122_095026.mp3,https://drive.google.com/file/d/1f9JqXalR17XmEn6RQkqGDdI9sdsi_oJP/view?usp=drivesdk,Come on. We can do it  together.,Come on on. we can do it tagether.,,salman,13.0,14,"{'Come': 2.0, 'on.': 2.0, 'We': 2.0, 'can': 2.0, 'do': 2.0, 'it': 2.0, 'together.': 1.0}",28444
grade1_profile30840_q1_QK_20251122_095622.mp3,https://drive.google.com/file/d/1A8pwZ2l5juhyGN1bbQbHzwax284cAj6f/view?usp=drivesdk,Come on. We can do it  together.,Come on. we can do it together.,,salman,14.0,14,"{'Come': 2.0, 'on.': 2.0, 'We': 2.0, 'can': 2.0, 'do': 2.0, 'it': 2.0, 'together.': 2.0}",30840
grade1_profile31361_q1_QK_20251122_095622.mp3,https://drive.google.com/file/d/1KfurZfXaMYY2jfYdxMtYypNL-B4fiz9F/view?usp=drivesdk,Come on. We can do it  together.,Come on. we can do it together.,,salman,14.0,14,"{'Come': 2.0, 'on.': 2.0, 'We': 2.0, 'can': 2.0, 'do': 2.0, 'it': 2.0, 'together.': 2.0}",31361
grade1_profile28399_q1_LP_20251122_095026.mp3,https://drive.google.com/file/d/1uKWKeZslAZ6C-LcRjijZL8pozw_vKO3D/view?usp=drivesdk,Come on. We can do it  together.,,,salman,0.0,0,{},28399
grade1_profile28468_q1_QK_20251122_095622.mp3,https://drive.google.com/file/d/13By6azb5IHr6tjEl1RwbTeILgVW7cvrj/view?usp=drivesdk,Come on. We can do it  together.,Come on. we can do it together.,Parent speaking,salman,14.0,14,"{'Come': 2.0, 'on.': 2.0, 'We': 2.0, 'can': 2.0, 'do': 2.0, 'it': 2.0, 'together.': 2.0}",28468
grade1_profile28390_q1_QK_20251122_095622.mp3,https://drive.google.com/file/d/1UgI0N36mcqoQwMfD1RdrRnKkn0mTOXnu/view?usp=drivesdk,Come on. We can do it  together.,Come on. we can do it together.,Sibling speaking,salman,14.0,14,"{'Come': 2.0, 'on.': 2.0, 'We': 2.0, 'can': 2.0, 'do': 2.0, 'it': 2.0, 'together.': 2.0}",28390
grade1_profile28441_q1_LP_20251122_095026.mp3,https://drive.google.com/file/d/1Ha3rTbcwSZyRk-qv5avcaf84IPa27_kx/view?usp=drivesdk,Come on. We can do it  together.,Come on. we can two each together.,,salman,10.0,14,"{'Come': 2.0, 'on.': 2.0, 'We': 2.0, 'can': 2.0, 'do': 0.0, 'it': 0.0, 'together.': 2.0}",28441
grade1_profile28429_q1_LP_20251122_095026.mp3,https://drive.google.com/file/d/169eP8t78cfeAjDny0BIv8fzpX0roU01r/view?usp=drivesdk,Come on. We can do it  together.,Come on. we can do it together.,,salman,14.0,14,"{'Come': 2.0, 'on.': 2.0, 'We': 2.0, 'can': 2.0, 'do': 2.0, 'it': 2.0, 'together.': 2.0}",28429
grade1_profile28350_q1_QK_20251122_095622.mp3,https://drive.google.com/file/d/1kcHVzGg_x4bsWXE-aIoJoVhvOAlIcS--/view?usp=drivesdk,Come on. We can do it  together.,Come on. we can do it gether.,,salman,13.0,14,"{'Come': 2.0, 'on.': 2.0, 'We': 2.0, 'can': 2.0, 'do': 2.0, 'it': 2.0, 'together.': 1.0}",28350
grade1_profile28403_q1_LP_20251122_095026.mp3,https://drive.google.com/file/d/1crfotbIZ0eznX2mzGco0oHEVmY3Uwy5I/view?usp=drivesdk,Come on. We can do it  together.,Come on Come on. we can do it gether.,,salman,14.0,14,"{'Come': 2.0, 'on.': 2.0, 'We': 2.0, 'can': 2.0, 'do': 2.0, 'it': 2.0, 'together.': 2.0}",28403
grade1_profile28428_q1_LP_20251122_095026.mp3,https://drive.google.com/file/d/19naHFn_ynlmk_HbLFgO__G5O1bCwNChD/view?usp=drivesdk,Come on. We can do it  together.,,,salman,0.0,0,{},28428
grade1_profile31204_q1_LP_20251122_095026.mp3,https://drive.google.com/file/d/15bAjLlm2COxhFQXZDl950gATyubIQY4d/view?usp=drivesdk,Come on. We can do it  together.,come on. we can do it together.,,salman,14.0,14,"{'Come': 2.0, 'on.': 2.0, 'We': 2.0, 'can': 2.0, 'do': 2.0, 'it': 2.0, 'together.': 2.0}",31204
grade1_profile28403_q1_QK_20251122_095622.mp3,https://drive.google.com/file/d/1daEmGQRyMrLOfCkAUlc0Ye9GIFupmUro/view?usp=drivesdk,Come on. We can do it  together.,come on. we can do it together.,,salman,14.0,14,"{'Come': 2.0, 'on.': 2.0, 'We': 2.0, 'can': 2.0, 'do': 2.0, 'it': 2.0, 'together.': 2.0}",28403
grade1_profile28425_q1_QK_20251122_095622.mp3,https://drive.google.com/file/d/11TAG0wYZNKNvU2chuDHmy3p-UdhMPMtn/view?usp=drivesdk,Come on. We can do it  together.,come on. we can do it together.,,salman,14.0,14,"{'Come': 2.0, 'on.': 2.0, 'We': 2.0, 'can': 2.0, 'do': 2.0, 'it': 2.0, 'together.': 2.0}",28425
grade1_profile30569_q1_LP_20251122_095026.mp3,https://drive.google.com/file/d/1ZDTuBKIcuQwpwysQSrdEqunxaEidOy0L/view?usp=drivesdk,Come on. We can do it  together.,come on. we can do it together.,,salman,13.0,14,"{'Come': 2.0, 'on.': 2.0, 'We': 2.0, 'can': 2.0, 'do': 1.0, 'it': 2.0, 'together.': 2.0}",30569
grade1_profile28398_q1_LP_20251122_095026.mp3,https://drive.google.com/file/d/1WDvGqFDlWIPYc3B6vQfhx--c_TdHDUyQ/view?usp=drivesdk,Come on. We can do it  together.,come on. we can do it together.,,salman,14.0,14,"{'Come': 2.0, 'on.': 2.0, 'We': 2.0, 'can': 2.0, 'do': 2.0, 'it': 2.0, 'together.': 2.0}",28398
grade1_profile28516_q1_LP_20251122_095026.mp3,https://drive.google.com/file/d/1W7zZe-7r3ViwDYUkMT9MUNTpD2nbNtJh/view?usp=drivesdk,Come on. We can do it  together.,come on. we can do it together.,,salman,14.0,14,"{'Come': 2.0, 'on.': 2.0, 'We': 2.0, 'can': 2.0, 'do': 2.0, 'it': 2.0, 'together.': 2.0}",28516
grade1_profile31205_q1_QK_20251122_095622.mp3,https://drive.google.com/file/d/1QK1j_vz53rNZDZ6XEQIYwnV6j0Odnrdv/view?usp=drivesdk,Come on. We can do it  together.,come on. we can do it together.,,salman,14.0,14,"{'Come': 2.0, 'on.': 2.0, 'We': 2.0, 'can': 2.0, 'do': 2.0, 'it': 2.0, 'together.': 2.0}",31205
grade1_profile28473_q1_LP_20251122_095026.mp3,https://drive.google.com/file/d/1DGoz9IFyoVFo43rmp8S7HiOqZOR751ys/view?usp=drivesdk,Come on. We can do it  together.,come on. we can do it together.,,salman,14.0,14,"{'Come': 2.0, 'on.': 2.0, 'We': 2.0, 'can': 2.0, 'do': 2.0, 'it': 2.0, 'together.': 2.0}",28473
grade1_profile30472_q1_LP_20251122_095026.mp3,https://drive.google.com/file/d/1oqFT_tz1SpewhMNNtW1Z-dQD29PXWI6N/view?usp=drivesdk,Come on. We can do it  together.,come on. we can do it ,,salman,11.0,14,"{'Come': 2.0, 'on.': 1.0, 'We': 2.0, 'can': 2.0, 'do': 2.0, 'it': 2.0, 'together.': 0.0}",30472
grade1_profile28381_q1_LP_20251122_095026.mp3,https://drive.google.com/file/d/1F3LooXAi6jLUDrRaZHfCprz1x62fqT0V/view?usp=drivesdk,Come on. We can do it  together.,come on come on. we can do it gether.,Parent Helping,salman,13.0,14,"{'Come': 2.0, 'on.': 2.0, 'We': 2.0, 'can': 2.0, 'do': 2.0, 'it': 2.0, 'together.': 1.0}",28381
grade1_profile30693_q1_LP_20251122_095026.mp3,https://drive.google.com/file/d/1HJ-pOHjaDWCo6IyAv8c8xtP2d4s5W1hw/view?usp=drivesdk,Come on. We can do it  together.,come on to. we can do it gether.,Multiple people are speaking ,salman,13.0,14,"{'Come': 2.0, 'on.': 2.0, 'We': 2.0, 'can': 2.0, 'do': 2.0, 'it': 2.0, 'together.': 1.0}",30693
grade1_profile28421_q1_LP_20251122_095026.mp3,https://drive.google.com/file/d/1mrIYqzTmTyuQjRECruoIefYl0qRfTpR8/view?usp=drivesdk,Come on. We can do it  together.,come on. we can do it together.,,salman,14.0,14,"{'Come': 2.0, 'on.': 2.0, 'We': 2.0, 'can': 2.0, 'do': 2.0, 'it': 2.0, 'together.': 2.0}",28421
grade1_profile28431_q1_QK_20251122_095622.mp3,https://drive.google.com/file/d/1oB9GirjW3v5t5w17oKp0eqxUoa-4nvlX/view?usp=drivesdk,Come on. We can do it  together.,come on. we can do it together.,,salman,14.0,14,"{'Come': 2.0, 'on.': 2.0, 'We': 2.0, 'can': 2.0, 'do': 2.0, 'it': 2.0, 'together.': 2.0}",28431
grade1_profile30496_q1_LP_20251122_095026.mp3,https://drive.google.com/file/d/1YcMTXYhkjE2Z4McXTo9eBkB3tgm0G0q7/view?usp=drivesdk,Come on. We can do it  together.,come on. we can do it together.,,salman,14.0,14,"{'Come': 2.0, 'on.': 2.0, 'We': 2.0, 'can': 2.0, 'do': 2.0, 'it': 2.0, 'together.': 2.0}",30496
grade1_profile28516_q1_QK_20251122_095622.mp3,https://drive.google.com/file/d/1gICTrjlzr8QEjp0nFDvedCkvu5mD7zh3/view?usp=drivesdk,Come on. We can do it  together.,come on. we can do it together.,,salman,14.0,14,"{'Come': 2.0, 'on.': 2.0, 'We': 2.0, 'can': 2.0, 'do': 2.0, 'it': 2.0, 'together.': 2.0}",28516
